{
  "camera_matrix": [
    [
      746.9853267788886,
      0.0,
      423.2067223745102
    ],
    [
      0.0,
      748.7305311769625,
      292.28523700061635
    ],
    [
      0.0,
      0.0,
      1.0
    ]
  ],
  "optimized_camera_matrix": [
    [
      737.461669921875,
      0.0,
      421.0241370711301
    ],
    [
      0.0,
      738.4886474609375,
      290.53075351171356
    ],
    [
      0.0,
      0.0,
      1.0
    ]
  ],
  "distortion_coefficients": [
    [
      0.10873124065677961,
      -0.6976587396011221,
      -0.0008454089626922104,
      -0.0031539363134176737,
      0.863947144135882
    ]
  ],
  "roi": [
    23,
    4,
    572,
    766
  ]
}